"assoc_symbol","assoc_name","drainage","texture","depth","soc_present","area_ha_geom","area_ha_stated","n_polygons","soc"
"1xx","01_Bk","Poor","Peat","(none)",FALSE,1643401.10592524,1643401.10468249,3754,NA
"1000a","1000a","moderately","Fine loamy",">80",TRUE,388458.714227049,388458.71421941,386,121.61316172
"1000x","1000x","moderately","Fine loamy",">80",TRUE,379609.027280632,379609.02725258,277,121.61316172
"1100a","1100a","Well","Fine loamy",">80",TRUE,368526.848309578,368526.84813168,252,129.44465676
"0700b","700b","Poor","Fine loamy",">80",TRUE,330755.051658655,330755.05168021,290,159.73063383
"0900e","900e","Well","Coarse loamy",">80",TRUE,245385.006833619,245385.00704434,125,136.29838954
"05RIV","5RIV","Poor","All",">80",TRUE,231681.731926941,231681.73207753,1878,173.76511738
"Rock","Rock","Other","(none)","(none)",FALSE,212790.812450649,212641.21697069,3972,NA
"1000c","1000c","moderately","Fine loamy",">80",TRUE,191558.722801358,191558.72256369,232,137.58197424
"1100n","1100n","Well","Coarse loamy",">80",TRUE,166800.498737872,167716.11248762,182,128.26645735
"0700h","700h","Poor","Fine loamy",">80",TRUE,165129.781449296,165129.78125919,190,153.49075013
"1100q","1100q","Well","Coarse loamy",">80",TRUE,140480.509057823,140480.50898185,226,120.58580678
"1100e","1100e","Well","Fine loamy",">80",TRUE,138334.373095723,138334.3729904,62,128.26645735
"Water body","Water body","Other","(none)","(none)",FALSE,132699.248780274,132699.2490407,1673,NA
"1100s","1100s","Well","Fine loamy",">80",TRUE,126892.722323422,126892.7223451,64,151.7317648
"1030a","1030a","imperfectly","Fine loamy","40-80",TRUE,109819.937561096,110293.19443205,200,121.13635897
"1150b","1150b","Well","Fine loamy","40-80",TRUE,96619.832888918,96619.83298107,61,109.83915835
"0410a","410a","imperfectly","Peat","0-40",TRUE,93716.7855931304,93716.78540787,519,277.14565101
"Urban","Urban","Other","(none)","(none)",FALSE,92726.2615881819,92726.26163523,1563,NA
"1100c","1100c","Well","Coarse loamy",">80",TRUE,91714.4078304527,91714.40781058,94,131.27971921
"1150c","1150c","Well","Fine loamy",">80",TRUE,90115.2639427581,90115.26392153,120,116.36430791
"0760c","760c","Poor","Clayey","40-80",TRUE,83429.0871440099,83429.08705263,108,135.43095239
"1150a","1150a","Well","Coarse loamy","40-80",TRUE,81065.6833307603,81065.68325099,111,112.13698899
"0700d","700d","Poor","Fine loamy","40-80",TRUE,79787.5438189878,79787.54386418,53,118.38106242
"0900h","900h","Well","Loamy",">80",TRUE,78995.8022980551,78999.71725676,64,131.27971921
"1030b","1030b","imperfectly","Fine loamy",">80",TRUE,73625.4214931881,73625.42145532,121,129.69802399
"1xx","01_RsMi","Poor","Peat","(none)",FALSE,70614.8798411939,70614.8798787197,1890,NA
"1130a","1130a","Well","Fine loamy",">80",TRUE,64820.2978592775,64820.29803385,61,130.29578316
"0843f","843f","Poor","Loamy","40-80",TRUE,62856.9033558557,62908.7278351,357,299.74052619
"0660e","660e","Poor","Coarse loamy",">80",TRUE,59415.5354820691,59415.53565986,60,135.5640059
"0410b","410b","imperfectly","Peat","0-40",TRUE,58287.5994769927,58291.22096569,374,316.85389443
"0660c","660c","Poor","Coarse loamy",">80",TRUE,57582.2334725055,57582.23341875,162,229.3392362
"0700c","700c","Poor","Clayey",">80",TRUE,48033.778219528,48033.77821261,69,139.48418532
"05RIV","05RIV","Poor","All",">80",TRUE,41526.025787388,41526.02582243,2263,173.76511738
"0650a","650a","Poor","Fine loamy",">80",TRUE,39473.0514776811,39473.05146209,156,156.36310071
"0800c","800c","moderately","Loamy","40-80",TRUE,38658.2353731867,38658.23532522,60,207.84179674
"1100h","1100h","Well","Coarse loamy",">80",TRUE,37738.3056914215,37738.30575335,50,129.44465676
"0960e","960e","Well","Coarse loamy",">80",TRUE,34214.7858805051,34214.78580705,49,134.63726368
"0960c","960c","Well","Fine loamy",">80",TRUE,32956.1585917651,32956.15856191,77,148.42009912
"0900a","900a","Well","Coarse loamy",">80",TRUE,31842.7734346677,31842.77344457,64,135.70892056
"0843b","843b","Poor","Loamy","40-80",TRUE,27188.8666638933,27188.86654203,85,218.16331239
"1100m","1100m","Well","Fine loamy",">80",TRUE,25433.3628473548,25433.36284171,10,134.63726368
"0760e","760e","Poor","Loamy","40-80",TRUE,24378.4963735793,24378.49644194,75,135.43095239
"0360a","360a","Well","Loamy","40-80",TRUE,24160.2120775404,24160.21207681,87,108.14518027
"1130b","1130b","Well","Fine loamy","40-80",TRUE,23660.4876508016,23660.48761018,18,131.33643035
"0700a","700a","Poor","Fine loamy",">80",TRUE,23116.5616613934,23126.82949751,18,159.73063383
"0760a","760a","Poor","Fine loamy",">80",TRUE,22611.1882474918,22611.18819393,60,139.48418532
"0900i","900i","(none)","Sandy","(none)",FALSE,20347.380707269,20347.3807461,51,NA
"05LAK","5LAK","Poor","All",">80",TRUE,20301.1444271312,20301.14442294,324,245.10240959
"Tidal marsh","Tidal marsh","Other","(none)","(none)",FALSE,20016.1451701041,20016.14511616,221,NA
"Island","Island","Other","(none)","(none)",FALSE,19824.6653687261,19824.66537483,545,NA
"0660d","660d","Poor","Coarse loamy","40-80",TRUE,16640.5447532429,16640.54472754,63,146.42067139
"1xx","01xx","Poor","Peat","(none)",FALSE,16324.9438426059,16324.94380686,199,NA
"1xx","02_Mi","Poor","Peat","(none)",FALSE,15377.3505740116,15377.35061682,336,NA
"0600a","600a","Well","Fine loamy","40-80",TRUE,15153.6146358366,15153.61464552,66,129.44465676
"0760f","760f","Poor","Coarse loamy",">80",TRUE,13677.6324107805,13689.55958682,77,269.26499148
"0900b","900b","Well","Sandy",">80",TRUE,13299.0935497934,13299.09362978,11,135.70892056
"0843e","843e","Poor","Loamy","0-40",TRUE,13087.24260537,13087.24260622,68,218.16331239
"0960d","960d","Well","Coarse loamy",">80",TRUE,13062.1629551172,13062.16304136,31,200.7720405
"0xx","0xx","Other","(none)","(none)",FALSE,12759.8281567708,14487.97500784,128,NA
"0900g","900g","Well","Fine loamy",">80",TRUE,12252.5003686996,12252.5002811,26,131.27971921
"0920a","920a","moderately","Coarse loamy",">80",TRUE,10699.2864130143,10699.2864435,19,139.6920729
"1160c","1160c","Well","Coarse loamy",">80",TRUE,10501.0787923217,10501.07877516,30,136.29838954
"1160a","1160a","Well","Fine loamy",">80",TRUE,10434.8052774028,10434.80531916,38,128.26645735
"0700f","700f","Poor","Coarse loamy",">80",TRUE,10429.935003925,10429.93500659,33,162.25893616
"1100l","1100l","Well","Fine loamy",">80",TRUE,8349.5716662745,8349.57170785,11,127.69637795
"0360c","360c","Well","Loamy","40-80",TRUE,7541.45884898984,7541.45887387,30,108.14518027
"05MAR","5MAR","Poor","All",">80",TRUE,7046.59507248085,7046.59509315,122,186.14377978
"0800a","800a","moderately","Loamy","40-80",TRUE,7017.79542126849,7017.79543171,32,207.84179674
"1000g","1000g","moderately","Fine loamy",">80",TRUE,5771.52901411235,5771.52900678,18,121.61316172
"0900f","900f","Well","Coarse loamy","40-80",TRUE,4717.16996470753,4717.16994721,27,224.25720798
"1100d","1100d","Excessively","Sandy","40-80",TRUE,2109.9144646339,2109.9144727,6,129.85159443
"Salt marsh","Salt marsh","Other","(none)","(none)",FALSE,128.842291888373,128.84229304,7,NA
"1xx","01_Rs","Poor","Peat","(none)",FALSE,10.8342882723338,10.83428987,1,NA
"Island","Island","imperfectly","(none)","(none)",TRUE,0.612407372058084,0.61240815,1,277.14565101
